INSTANCE;CV 1-2;CV 2-1;CV R-1;CV R-2;HV 1;HV 2;EPS 1;EPS 2
pmed20.txt.table.with_fac.p50.txt;0.45454545454545453;0.3835616438356164;0.3835616438356164;0.45454545454545453;0.2295445883509297;0.21758760873780564;0.05763688760806916;0.0778097982708933
pmed22.txt.table.with_fac.p62.txt;0.36220472440944884;0.689119170984456;0.689119170984456;0.36220472440944884;0.22006061707188163;0.21144704677589848;0.07674418604651163;0.27698863636363635
pmed39.txt.table.with_fac.p112.txt;0.0;0.9693877551020408;0.9693877551020408;0.0;0.1587580648762083;0.2534910588708057;0.08016877637130804;0.11904761904761904
pmed36.txt.table.with_fac.p100.txt;0.0;1.0;1.0;0.0;0.12444466995918187;0.223821967390569;0.10576923076923084;0.0
pmed28.txt.table.with_fac.p75.txt;0.20588235294117646;0.7293577981651376;0.7293577981651376;0.20588235294117646;0.2681412011046778;0.2699415616660184;0.130374479889043;0.042995839112343975
pmed40.txt.table.with_fac.p225.txt;0.04065040650406504;0.8817891373801917;0.8817891373801917;0.04065040650406504;0.36258077289376045;0.4300589518383619;0.13228492136910264;0.20999074930619796
pmed17.txt.table.with_fac.p25.txt;0.8863636363636364;0.0;0.0;0.8863636363636364;0.22188797293504114;0.2019641300654464;0.34782608695652173;0.05504587155963303
pmed33.txt.table.with_fac.p87.txt;0.027777777777777776;0.8908450704225352;0.8908450704225352;0.027777777777777776;0.23325317522838174;0.28956731514880685;0.05965559655596556;0.16789667896678967
